user_id,book_id,rating_predict
281,2461928,8.0
1250,31957,8.0
4241,196603,8.0
5140,468894,8.0
7781,2141951,8.0
8391,4684864,8.0
13350,2927125,8.0
13680,2712011,8.0
13810,2450736,8.0
14950,531001,8.0
14990,3262102,8.0
15651,634493,8.0
15710,2145220,8.0
15760,1251642,8.0
16510,2121783,8.0
16711,1352957,8.0
16751,3802522,8.0
17450,479190,8.0
17531,3836839,8.0
18110,2599190,8.0
20080,614433,8.0
21671,1612347,8.0
24231,2762412,8.0
25190,2129220,8.0
26301,482039,8.0
26670,1341085,8.0
26851,2577789,8.0
27991,2141884,8.0
28231,173943,8.0
28270,195089,8.0
28951,2770245,8.0
29361,436461,8.0
29700,3991237,8.0
30160,1292056,8.0
32451,2215245,8.0
33340,1722927,8.0
34041,2423293,8.0
36270,4603603,8.0
37081,2694951,8.0
38661,763349,8.0
39411,1354194,8.0
39541,1750748,8.0
39881,306521,8.0
40330,2578149,8.0
40520,489872,8.0
41150,4625218,8.0
42150,473926,8.0
42410,2141871,8.0
42511,132629,8.0
44861,442320,8.0
46650,194451,8.0
47410,2467103,8.0
48221,188442,8.0
48890,261421,8.0
49261,131228,8.0
49380,2425135,8.0
50691,492895,8.0
51041,2276715,8.0
51630,901731,8.0
52680,195678,8.0
52741,2484967,8.0
53811,496731,8.0
54711,2231627,8.0
54911,1577474,8.0
55161,1947821,8.0
55171,3789592,8.0
55251,2463719,8.0
55470,1726328,8.0
55861,2522356,8.0
56360,2443326,8.0
56410,3801229,8.0
57591,212216,8.0
57711,327556,8.0
59011,5175577,8.0
59130,1118435,8.0
59260,5069705,8.0
60390,6222,8.0
60520,2818720,8.0
60521,986524,8.0
60730,5075707,8.0
61020,117529,8.0
61560,5194960,8.0
61691,2266658,8.0
62090,2604131,8.0
62451,2435077,8.0
63830,2301271,8.0
64000,2287253,8.0
64080,1083718,8.0
64530,1462245,8.0
66320,2279501,8.0
66860,2482997,8.0
67000,2573148,8.0
67350,2209477,8.0
68131,4289227,8.0
68790,1610935,8.0
69580,3182068,8.0
69711,2588792,8.0
72241,2532359,8.0
73081,3786424,8.0
73301,986032,8.0
74030,4564129,8.0
74200,3741640,8.0
74571,2212149,8.0
76211,313514,8.0
76220,2300478,8.0
76811,432544,8.0
78640,1636917,8.0
79031,1201840,8.0
79070,4018180,8.0
79100,2229477,8.0
79380,3766759,8.0
79851,562680,8.0
80320,1709068,8.0
80530,4582423,8.0
80861,1523651,8.0
81450,2316186,8.0
82160,4612210,8.0
82490,476483,8.0
83960,306445,8.0
84471,484227,8.0
84801,6017890,8.0
84910,25357,8.0
85231,4148959,8.0
85321,2690529,8.0
85430,2343168,8.0
85580,3785716,8.0
86020,3593470,8.0
86070,1751584,8.0
86261,5119510,8.0
86470,128220,8.0
87071,713520,8.0
87860,692712,8.0
87891,4794718,8.0
88321,2527562,8.0
88751,4811725,8.0
89561,2362532,8.0
89581,2546856,8.0
90121,2577789,8.0
91421,504193,8.0
91441,1339374,8.0
91690,422,8.0
92030,1242504,8.0
93041,4752370,8.0
95610,2391185,8.0
95691,313787,8.0
96241,477223,8.0
96361,1853932,8.0
97300,1333065,8.0
97921,568079,8.0
98071,4183999,8.0
98401,2012,8.0
98911,35960,8.0
99511,181149,8.0
100090,612487,8.0
100770,449072,8.0
102621,2571359,8.0
102640,3465649,8.0
102770,3768418,8.0
103041,2531639,8.0
103490,472043,8.0
103850,103863,8.0
103860,316084,8.0
104111,2712011,8.0
104461,129739,8.0
106071,1956388,8.0
106150,5144353,8.0
107391,2575859,8.0
108590,243334,8.0
108961,2401452,8.0
109040,214879,8.0
109061,2320592,8.0
109111,183602,8.0
109350,7209358,8.0
109651,778484,8.0
110240,4360447,8.0
110400,2599190,8.0
110580,1079,8.0
110601,911676,8.0
110610,4741048,8.0
110631,1806628,8.0
110871,2610042,8.0
110900,216878,8.0
112441,5146501,8.0
112630,858237,8.0
112801,2321956,8.0
112821,313249,8.0
114131,4412509,8.0
114190,309421,8.0
114260,3863911,8.0
114681,3144355,8.0
116110,868187,8.0
116120,481522,8.0
116540,2081705,8.0
117211,494407,8.0
117301,2989726,8.0
117361,931342,8.0
117431,5168251,8.0
117491,471599,8.0
117621,314177,8.0
118861,4018180,8.0
118961,120160,8.0
119901,1444766,8.0
119981,2242925,8.0
120750,2286863,8.0
120761,2215231,8.0
121171,2318816,8.0
121980,1288384,8.0
122220,1353581,8.0
122321,2608564,8.0
122441,2209477,8.0
122600,264330,8.0
122641,4879087,8.0
122851,4177156,8.0
123210,2145940,8.0
123531,5075125,8.0
123840,535707,8.0
125330,2467103,8.0
125400,2273687,8.0
125511,466232,8.0
125620,2145175,8.0
125870,546726,8.0
126781,2596602,8.0
126920,2694951,8.0
126931,2377730,8.0
127841,1030757,8.0
128390,859217,8.0
128511,1442680,8.0
129711,2458140,8.0
129970,1299424,8.0
130031,1206977,8.0
130710,453415,8.0
131100,4908796,8.0
132541,2287671,8.0
132711,5118154,8.0
132771,2388495,8.0
132950,4370989,8.0
132951,1239169,8.0
133210,2486590,8.0
133780,2486212,8.0
133791,2085591,8.0
134151,5040484,8.0
135041,3766759,8.0
135400,2737696,8.0
135620,3954634,8.0
136081,4183999,8.0
137231,2260524,8.0
137381,4827193,8.0
137500,1817250,8.0
137601,4681675,8.0
139371,170101,8.0
141230,534430,8.0
141320,2577789,8.0
141441,681470,8.0
142221,3763261,8.0
142250,800684,8.0
142670,4181938,8.0
142931,2388329,8.0
143241,4533115,8.0
143471,1214445,8.0
143881,447190,8.0
144650,1338181,8.0
145061,122216,8.0
146370,4631686,8.0
147750,2883814,8.0
148191,4432252,8.0
148840,196603,8.0
148890,103890,8.0
149471,573666,8.0
149560,471599,8.0
149670,4552675,8.0
150390,2139892,8.0
150400,2391039,8.0
150680,2251427,8.0
150971,872931,8.0
151111,484504,8.0
151121,28666,8.0
151990,34091,8.0
152101,4412509,8.0
152170,4295821,8.0
152611,3040795,8.0
153030,129634,8.0
153081,537558,8.0
154291,3693118,8.0
154851,1281472,8.0
155271,2205227,8.0
155281,829127,8.0
156241,1918003,8.0
156371,2260199,8.0
156390,4268950,8.0
156670,1932068,8.0
156980,2484994,8.0
157221,822326,8.0
157440,498948,8.0
157551,1000352,8.0
158830,2272902,8.0
160011,2279417,8.0
160131,2575023,8.0
160170,673411,8.0
160360,3893974,8.0
160371,2430403,8.0
160510,2071570,8.0
160741,31876,8.0
163161,4421068,8.0
163400,464534,8.0
163631,3891124,8.0
164031,460023,8.0
164170,4096036,8.0
166010,2577091,8.0
166191,2392274,8.0
166941,428685,8.0
167021,462665,8.0
167200,447103,8.0
167450,452117,8.0
167610,1510247,8.0
168160,1326209,8.0
168520,2579670,8.0
168551,2381753,8.0
168981,487276,8.0
169200,2208241,8.0
171081,2251382,8.0
171410,2391259,8.0
172571,15656,8.0
172890,5220760,8.0
172951,36221,8.0
172990,305091,8.0
173070,2078915,8.0
173121,4877545,8.0
173501,389215,8.0
174010,4552675,8.0
174190,443517,8.0
174401,2879581,8.0
174700,321150,8.0
175101,3174277,8.0
175500,2071831,8.0
175690,201483,8.0
176640,2525028,8.0
176700,1271808,8.0
176741,4020370,8.0
176750,4311490,8.0
177511,311267,8.0
177681,2471471,8.0
178071,2482461,8.0
178091,4741048,8.0
178390,2180196,8.0
179720,2273687,8.0
179830,800684,8.0
179940,356451,8.0
180750,4005610,8.0
181480,438672,8.0
181510,2256539,8.0
182561,2277015,8.0
183081,463784,8.0
183231,1552736,8.0
183730,1796985,8.0
183860,2259706,8.0
184741,459282,8.0
185000,2382555,8.0
185320,1354988,8.0
185950,1829938,8.0
186450,162458,8.0
187570,2204362,8.0
188461,2600001,8.0
188641,481572,8.0
189851,3448510,8.0
190181,644525,8.0
190650,402609,8.0
190900,1046376,8.0
191450,2139892,8.0
191711,4075519,8.0
191811,460012,8.0
191921,4018180,8.0
192300,2610500,8.0
192551,2476171,8.0
192641,2550430,8.0
192701,1650579,8.0
193061,215689,8.0
194640,468013,8.0
195341,2341532,8.0
195961,4595326,8.0
196010,253112,8.0
196801,2215214,8.0
197080,2604421,8.0
197110,4673368,8.0
197441,2543439,8.0
198871,4943551,8.0
199020,2063519,8.0
199950,2473078,8.0
200500,2340191,8.0
200971,2427627,8.0
200980,2334724,8.0
201100,2942662,8.0
201121,4025413,8.0
201190,387779,8.0
201601,2600366,8.0
201620,28498,8.0
201660,541600,8.0
202071,166554,8.0
202151,1185181,8.0
202481,3884554,8.0
202771,3916879,8.0
204210,3228,8.0
204451,1798025,8.0
204561,145925,8.0
205040,3307879,8.0
205201,2599190,8.0
205951,625273,8.0
206130,2302653,8.0
206241,850123,8.0
206420,2438898,8.0
206570,9695,8.0
206860,2371874,8.0
207150,840112,8.0
207540,312722,8.0
207710,414903,8.0
207751,4238251,8.0
207790,2131332,8.0
208230,2694951,8.0
208650,2854876,8.0
208760,1826129,8.0
208950,1389198,8.0
209920,320876,8.0
209971,4268815,8.0
210401,1868694,8.0
210541,561983,8.0
210561,716862,8.0
210941,2372787,8.0
211131,454135,8.0
212161,538751,8.0
212341,2466103,8.0
212350,3908170,8.0
213001,541497,8.0
213090,2528013,8.0
213410,693650,8.0
213950,2854876,8.0
214221,2404808,8.0
214300,5168,8.0
215210,1130783,8.0
215301,127232,8.0
215510,5992732,8.0
216060,2595480,8.0
216311,355439,8.0
216530,490080,8.0
217081,2737394,8.0
217411,212216,8.0
217611,1004181,8.0
217860,4311712,8.0
218611,931342,8.0
219500,8467358,8.0
219851,4396336,8.0
219980,1277744,8.0
220931,2560622,8.0
221411,8369,8.0
221950,308428,8.0
222591,261524,8.0
223341,1198693,8.0
223760,478773,8.0
224191,2447140,8.0
224341,2391405,8.0
224491,2285934,8.0
225340,2368374,8.0
225600,324393,8.0
225791,2256249,8.0
226141,3442753,8.0
226491,449930,8.0
226711,3113920,8.0
227021,2141878,8.0
227091,1242,8.0
227161,3113920,8.0
227351,2141951,8.0
227440,424004,8.0
227521,2381753,8.0
227530,433138,8.0
227921,435689,8.0
228910,491287,8.0
229460,1738984,8.0
229621,374583,8.0
230450,4251175,8.0
230720,5941771,8.0
230851,5679028,8.0
231280,2912968,8.0
231510,3795157,8.0
231690,2854540,8.0
231881,1469286,8.0
232370,717,8.0
232611,15311,8.0
233250,99875,8.0
233511,19071,8.0
233860,2077927,8.0
234470,273610,8.0
234901,326664,8.0
235121,6034,8.0
235171,1720918,8.0
236180,1100180,8.0
237030,305091,8.0
237191,5240974,8.0
237320,3758968,8.0
239110,1274157,8.0
239121,482090,8.0
239561,2753592,8.0
239660,2145226,8.0
239710,314889,8.0
239930,308125,8.0
240031,462548,8.0
240490,230222,8.0
241811,2927122,8.0
242281,25357,8.0
242290,504685,8.0
242550,1767667,8.0
242971,1079,8.0
243221,2576730,8.0
243501,2435139,8.0
243751,2579670,8.0
243871,18790,8.0
244010,1198519,8.0
244091,3441835,8.0
244191,2308809,8.0
244320,460790,8.0
244761,2477635,8.0
244951,714189,8.0
244971,5075125,8.0
244990,1271808,8.0
245240,471655,8.0
245720,307196,8.0
245881,2198457,8.0
246280,2476538,8.0
246641,461022,8.0
246770,1753316,8.0
247231,449623,8.0
247851,514610,8.0
248091,122054,8.0
248490,2464530,8.0
248671,4641646,8.0
249090,2372666,8.0
249570,763611,8.0
249630,1250114,8.0
249720,4421068,8.0
251211,3727723,8.0
251250,573120,8.0
251410,5119,8.0
251600,2473942,8.0
251990,982417,8.0
252040,304476,8.0
252550,2106490,8.0
253001,691004,8.0
253761,469966,8.0
254121,982720,8.0
254280,681470,8.0
254461,1546667,8.0
254500,2344017,8.0
255161,273772,8.0
255381,1730066,8.0
255700,4127287,8.0
255711,1836656,8.0
255901,2378091,8.0
255920,485341,8.0
255931,2238727,8.0
256290,625734,8.0
256340,999574,8.0
256781,2286120,8.0
256860,2300795,8.0
257041,2600366,8.0
257331,5108425,8.0
257551,2297476,8.0
258471,2221677,8.0
258491,1354194,8.0
258631,2259919,8.0
259320,2450614,8.0
259450,3853429,8.0
260430,1826143,8.0
260940,461023,8.0
261340,2470824,8.0
261551,459282,8.0
262251,826458,8.0
262620,464946,8.0
262720,4029277,8.0
262760,3954850,8.0
263391,2340891,8.0
263440,229709,8.0
265481,4876090,8.0
266530,2604672,8.0
267521,2580260,8.0
268550,226126,8.0
268651,314889,8.0
268790,2409026,8.0
268861,5039041,8.0
268991,2426709,8.0
269020,6447652,8.0
269061,6841975,8.0
269361,4394638,8.0
269481,7078906,8.0
269500,975284,8.0
269540,22695,8.0
270311,305091,8.0
270491,5036077,8.0
270750,1415586,8.0
271090,901725,8.0
271710,2318061,8.0
272100,1273027,8.0
272311,2436870,8.0
273230,1609097,8.0
273850,1253683,8.0
274771,502441,8.0
278861,304531,8.0
279461,2856001,8.0
279580,511816,8.0
279940,1552732,8.0
280721,4757194,8.0
281471,3083248,8.0
281531,468389,8.0
282750,4387630,8.0
282941,232739,8.0
284340,4143616,8.0
286610,3877819,8.0
287781,2214808,8.0
287991,2216183,8.0
290920,493188,8.0
293591,3103204,8.0
294480,470346,8.0
295291,2291653,8.0
296740,842340,8.0
297470,387779,8.0
299441,6841975,8.0
300190,1350395,8.0
301720,2463962,8.0
302910,1077459,8.0
303021,2427684,8.0
304091,485720,8.0
306890,1389198,8.0
307100,1339176,8.0
307151,2854876,8.0
307791,2602455,8.0
307800,8336450,8.0
309371,1118435,8.0
309841,1326209,8.0
310530,875930,8.0
311001,4421068,8.0
311111,830798,8.0
311610,1812537,8.0
312350,916431,8.0
313011,1774131,8.0
314091,32273,8.0
314621,2273023,8.0
314710,31099,8.0
315091,1689260,8.0
315511,328097,8.0
315580,4570615,8.0
315951,1097356,8.0
316270,312058,8.0
317330,3174526,8.0
317520,2531639,8.0
317631,99886,8.0
317641,4127287,8.0
317881,4020766,8.0
318180,2277007,8.0
318360,672166,8.0
320341,446448,8.0
322881,1957553,8.0
324900,2895571,8.0
327180,1139781,8.0
327950,2770245,8.0
330601,1362074,8.0
332071,364144,8.0
333361,2141878,8.0
335250,954946,8.0
336000,1281957,8.0
336441,103890,8.0
336450,2543486,8.0
337561,130794,8.0
337600,5220724,8.0
337891,98184,8.0
339050,479829,8.0
342291,7251913,8.0
342360,2463590,8.0
343431,4696876,8.0
343591,2918407,8.0
343620,244853,8.0
344110,2001351,8.0
344191,4731400,8.0
347090,97428,8.0
347811,2107,8.0
351800,1198693,8.0
351870,2482917,8.0
352390,1266045,8.0
352430,477264,8.0
352700,4897,8.0
354541,4018594,8.0
357080,4542781,8.0
357260,102172,8.0
357711,2254200,8.0
357761,305091,8.0
360751,501632,8.0
361950,840500,8.0
364420,533126,8.0
366020,160,8.0
366901,1326165,8.0
369020,851099,8.0
369321,2596683,8.0
369890,869386,8.0
371271,4073185,8.0
373620,2474323,8.0
374171,4336795,8.0
377000,459282,8.0
377020,305514,8.0
377540,2273648,8.0
378031,1957553,8.0
379080,4005634,8.0
379151,2528326,8.0
381051,3036901,8.0
382380,1332296,8.0
382481,3756355,8.0
384550,2232796,8.0
385211,2287669,8.0
388170,459282,8.0
389831,265140,8.0
393551,2450614,8.0
395040,620988,8.0
396281,5041,8.0
397530,435903,8.0
397881,3952804,8.0
398641,310397,8.0
398701,1350395,8.0
399481,167270,8.0
405681,2866666,8.0
405890,214961,8.0
406191,220841,8.0
407011,1703854,8.0
407031,3739819,8.0
408351,445931,8.0
409751,309002,8.0
410740,1923674,8.0
410831,1436216,8.0
413790,842801,8.0
415430,1881560,8.0
415581,1325234,8.0
417891,851093,8.0
420040,104148,8.0
422991,4414693,8.0
425161,2693031,8.0
426661,2525028,8.0
427280,2311691,8.0
427590,1197306,8.0
427951,2353702,8.0
428290,3465649,8.0
429401,986423,8.0
429820,2348687,8.0
431391,4552681,8.0
437220,5063497,8.0
437711,840500,8.0
439461,4396336,8.0
442670,866537,8.0
444290,2204362,8.0
444900,2467103,8.0
450700,254054,8.0
453320,5095009,8.0
453471,2131332,8.0
454630,2446042,8.0
454881,845896,8.0
455700,122606,8.0
459390,2574955,8.0
461830,399572,8.0
466351,499892,8.0
468800,2925391,8.0
470330,2435952,8.0
470410,315410,8.0
476691,2473078,8.0
483490,2448177,8.0
484001,2854540,8.0
485041,2334458,8.0
488121,4012591,8.0
494140,2444584,8.0
497541,2372666,8.0
501321,480547,8.0
501410,4528615,8.0
503101,2214811,8.0
505131,122843,8.0
508310,103530,8.0
510570,3534970,8.0
515560,862842,8.0
528270,1319281,8.0
529320,389215,8.0
529411,1720918,8.0
531121,2145261,8.0
533860,5165923,8.0
535410,2351682,8.0
536591,1340407,8.0
537430,2167097,8.0
537710,579714,8.0
541181,2524593,8.0
541501,2456705,8.0
541700,4182373,8.0
545040,15088,8.0
547491,1787350,8.0
549610,592415,8.0
550471,3730612,8.0
554641,2480706,8.0
556230,892049,8.0
557470,2467103,8.0
558041,130794,8.0
561951,644645,8.0
564201,2204362,8.0
565490,2577789,8.0
569771,261545,8.0
569860,4400638,8.0
580550,2930800,8.0
581711,1858824,8.0
592411,4000258,8.0
592451,1726513,8.0
595691,3852478,8.0
595790,3088066,8.0
599521,2312450,8.0
602600,1819862,8.0
603250,2856193,8.0
603551,458591,8.0
606281,822326,8.0
606841,2476107,8.0
607021,1154948,8.0
607681,647093,8.0
607921,4873261,8.0
608230,1679042,8.0
608610,4352317,8.0
609271,361725,8.0
609660,1796985,8.0
609920,4148833,8.0
610391,546185,8.0
610891,282223,8.0
611200,424004,8.0
613041,2381263,8.0
613151,3730774,8.0
613651,304786,8.0
614611,10890,8.0
615741,839851,8.0
616451,4181938,8.0
617691,3082987,8.0
617860,1625598,8.0
618120,4187119,8.0
618231,4645801,8.0
619001,496089,8.0
620361,677106,8.0
621251,1918727,8.0
623060,1957073,8.0
623781,5221645,8.0
626500,4020310,8.0
626610,197409,8.0
626620,2375878,8.0
626621,2145228,8.0
626901,323354,8.0
627391,30117,8.0
627600,826078,8.0
631271,1354988,8.0
634101,1281957,8.0
634691,1819862,8.0
635551,2341451,8.0
635590,4421068,8.0
636831,3895942,8.0
638641,3262102,8.0
644271,471978,8.0
649060,2254200,8.0
650320,1295449,8.0
653091,2254200,8.0
657810,2599190,8.0
657861,2456197,8.0
659091,3836728,8.0
661070,33078,8.0
661631,2287669,8.0
663191,3956947,8.0
663611,2261085,8.0
664191,5158702,8.0
667690,395324,8.0
668651,2216045,8.0
668821,2600366,8.0
669080,2408030,8.0
669250,571911,8.0
671051,2344040,8.0
672540,32964,8.0
672990,2279426,8.0
673810,2254200,8.0
674130,873287,8.0
674560,281919,8.0
675840,5186470,8.0
677571,2283303,8.0
677861,2463719,8.0
678831,7303735,8.0
680751,4304347,8.0
684470,2157809,8.0
688751,2349047,8.0
689031,2334513,8.0
689800,220837,8.0
689920,2217790,8.0
690410,1956164,8.0
691860,2952271,8.0
693560,272183,8.0
694711,244328,8.0
698921,2759493,8.0
700080,1350395,8.0
701710,454746,8.0
701741,1098150,8.0
702890,2460999,8.0
705010,1383813,8.0
705970,5332672,8.0
707710,2236358,8.0
710520,2207103,8.0
711591,2224056,8.0
712201,2599288,8.0
712770,2438238,8.0
713561,1123680,8.0
718180,2409026,8.0
719751,2248860,8.0
719870,7739588,8.0
721721,1897536,8.0
724531,839851,8.0
725381,2909287,8.0
725831,2575584,8.0
725950,120846,8.0
727991,2930800,8.0
729491,1280602,8.0
729670,1721523,8.0
730391,2473078,8.0
730411,5690488,8.0
730921,2341451,8.0
731961,1786160,8.0
732491,19038,8.0
734061,2212447,8.0
734701,1819862,8.0
735140,36960,8.0
738251,3758968,8.0
738521,2141951,8.0
739601,1330525,8.0
741351,491287,8.0
741400,2123069,8.0
743321,218103,8.0
744050,1345763,8.0
746141,196603,8.0
750520,2327753,8.0
750561,2338877,8.0
752741,28642,8.0
753661,2988286,8.0
755140,2423293,8.0
755491,1941429,8.0
756470,4300483,8.0
756500,6299320,8.0
756811,2251423,8.0
758760,584,8.0
760361,2431816,8.0
760761,2993428,8.0
760920,2575023,8.0
762011,25357,8.0
765261,2225151,8.0
766471,1240867,8.0
769220,317,8.0
769600,1674094,8.0
769671,2128059,8.0
772100,488981,8.0
773891,7102447,8.0
774041,504193,8.0
774471,1338152,8.0
774520,1730510,8.0
774540,2254714,8.0
775160,2348137,8.0
775230,1923818,8.0
775611,433856,8.0
776040,9427,8.0
777041,4227847,8.0
777771,2539301,8.0
778061,478939,8.0
778790,6039676,8.0
778910,5321515,8.0
779190,424004,8.0
780210,2893579,8.0
780260,1204668,8.0
781680,2588406,8.0
782291,4621750,8.0
783170,2595422,8.0
783450,2449615,8.0
783741,2470650,8.0
783881,1363237,8.0
784401,1446974,8.0
784561,2286863,8.0
784610,479829,8.0
785721,4421068,8.0
786150,130794,8.0
786711,441119,8.0
787190,719748,8.0
788021,125912,8.0
788380,2113879,8.0
788930,4782199,8.0
789131,493936,8.0
792940,24606,8.0
793261,5142181,8.0
794031,2606099,8.0
795071,2879581,8.0
795190,2444108,8.0
795820,2390160,8.0
797031,323172,8.0
797460,1281959,8.0
797591,4199539,8.0
800180,9746,8.0
802750,2234272,8.0
804960,4860706,8.0
805021,196603,8.0
805161,2525634,8.0
809271,2424823,8.0
809970,1197767,8.0
810131,551368,8.0
810251,4967446,8.0
810290,1240867,8.0
810760,4741888,8.0
811770,1933059,8.0
815221,463181,8.0
815280,573666,8.0
815641,2599190,8.0
815890,2604421,8.0
816281,4659631,8.0
818641,321186,8.0
820281,123435,8.0
820320,905945,8.0
820731,455374,8.0
823370,1723866,8.0
823431,3693229,8.0
823720,2231609,8.0
823801,2540482,8.0
823991,2866666,8.0
824281,2482868,8.0
825111,2191583,8.0
827040,152915,8.0
830610,1902534,8.0
830701,2268254,8.0
830940,13295,8.0
833321,2324521,8.0
834281,2371625,8.0
834720,4528615,8.0
836160,2864224,8.0
837040,1609097,8.0
838631,2197478,8.0
841531,3834205,8.0
842821,1122607,8.0
843591,5146285,8.0
843750,2295424,8.0
843871,3160264,8.0
844360,690802,8.0
845780,112373,8.0
845880,2580152,8.0
846760,520845,8.0
848261,441905,8.0
848471,3796639,8.0
851971,8467358,8.0
852091,220837,8.0
852350,445212,8.0
852610,261647,8.0
854741,4582966,8.0
857010,2485642,8.0
857030,1239169,8.0
857501,2575669,8.0
857961,532849,8.0
859540,2588406,8.0
860370,3095038,8.0
862191,306116,8.0
863141,3693046,8.0
864390,2571359,8.0
867151,114116,8.0
867781,2525634,8.0
867791,8467358,8.0
868231,877540,8.0
868590,386964,8.0
870440,1227904,8.0
871370,2254913,8.0
872411,2214808,8.0
872780,3449974,8.0
874990,2429099,8.0
875420,466560,8.0
875621,452668,8.0
876390,5252320,8.0
876990,1202394,8.0
879540,38618,8.0
881831,4421068,8.0
882111,1100180,8.0
883471,4421068,8.0
887281,1609097,8.0
887541,449150,8.0
892170,481608,8.0
893191,195024,8.0
893761,465230,8.0
894241,2448177,8.0
895380,307583,8.0
895461,863676,8.0
896040,420807,8.0
896601,314889,8.0
898531,1117456,8.0
900491,523498,8.0
900751,168292,8.0
900950,198804,8.0
901340,877575,8.0
901430,4018180,8.0
901700,4177156,8.0
902210,309421,8.0
905671,402609,8.0
905741,5630,8.0
907360,857579,8.0
907460,305222,8.0
911691,3989056,8.0
913070,3905386,8.0
914150,3006487,8.0
914941,886105,8.0
915050,465224,8.0
915351,314415,8.0
916900,2372666,8.0
917090,1056685,8.0
920580,2550055,8.0
924361,2248270,8.0
924970,447400,8.0
925151,2301271,8.0
927241,801289,8.0
928371,564064,8.0
930081,2474458,8.0
930101,4420918,8.0
933211,2337097,8.0
933500,2274542,8.0
933791,4770895,8.0
933820,3913870,8.0
934820,2486212,8.0
935880,2229477,8.0
937040,572963,8.0
937450,699036,8.0
938690,305151,8.0
940701,2180196,8.0
940830,1266051,8.0
943181,2144938,8.0
943660,2476507,8.0
945941,3773965,8.0
946170,4018180,8.0
947630,2463604,8.0
947861,426367,8.0
948371,2752472,8.0
948430,2102504,8.0
949170,2160485,8.0
949950,1361273,8.0
951400,1670003,8.0
954051,2425171,8.0
957940,1309614,8.0
961890,449381,8.0
962940,2534924,8.0
963341,2534924,8.0
963970,1753357,8.0
964111,722868,8.0
965600,234493,8.0
967050,2423307,8.0
967381,310624,8.0
968211,396779,8.0
968581,1928144,8.0
968730,319756,8.0
968890,2342927,8.0
970980,2317712,8.0
971561,200487,8.0
972600,2770246,8.0
973310,2407015,8.0
973721,2439484,8.0
974951,3182068,8.0
977951,31099,8.0
979461,433404,8.0
981460,380428,8.0
982680,2133453,8.0
983410,3174526,8.0
983530,282916,8.0
984360,648708,8.0
984381,281919,8.0
985070,2167310,8.0
985370,1770494,8.0
986460,5168293,8.0
987321,310397,8.0
988391,4233082,8.0
988921,4149298,8.0
989920,1336574,8.0
989980,484495,8.0
990931,3843706,8.0
991141,588599,8.0
992020,2551767,8.0
992240,1556180,8.0
992420,4233130,8.0
993960,2301271,8.0
994150,500241,8.0
995000,2430664,8.0
995151,3848248,8.0
995251,2470125,8.0
995361,1703909,8.0
995651,2348040,8.0
996391,4000258,8.0
997340,525338,8.0
999171,3113920,8.0
999720,4783621,8.0
1000230,327614,8.0
1000360,662256,8.0
1001671,3741781,8.0
1005021,620289,8.0
1005571,5917402,8.0
1005681,1227904,8.0
1009840,33078,8.0
1010030,2374653,8.0
1011381,324395,8.0
1011611,306399,8.0
1011810,324966,8.0
1012170,3996787,8.0
1014301,2390160,8.0
1014420,2473078,8.0
1015811,1280001,8.0
1017531,3113920,8.0
1018520,2373399,8.0
1019161,451550,8.0
1023461,2325940,8.0
1024460,3593485,8.0
1025461,25357,8.0
1027180,2753592,8.0
1027971,862842,8.0
1028271,1301404,8.0
1028661,2420390,8.0
1029071,3442984,8.0
1030971,2141951,8.0
1031091,1923818,8.0
1031171,2341532,8.0
1031881,563371,8.0
1032200,310604,8.0
1032691,1118435,8.0
1032841,3001768,8.0
1032901,3174526,8.0
1033460,2321956,8.0
1033531,2598359,8.0
1033630,1856623,8.0
1034341,1303351,8.0
1035510,2353702,8.0
1038241,217687,8.0
1039051,2603159,8.0
1040561,431399,8.0
1040660,1222953,8.0
1044831,504193,8.0
1050920,2463176,8.0
1054781,2427616,8.0
1055350,1462245,8.0
1057790,3776917,8.0
1057960,372749,8.0
1058880,1281959,8.0
1060421,2186796,8.0
1061050,3834925,8.0
1063211,305851,8.0
1063601,693962,8.0
1063760,2251427,8.0
1064071,610015,8.0
1068081,1724836,8.0
1070571,1593466,8.0
1073851,3920092,8.0
1075671,4755325,8.0
1076141,1382966,8.0
1076530,498997,8.0
1080820,2303346,8.0
1080981,1379172,8.0
1081941,2694951,8.0
1083040,1098150,8.0
1085330,2240355,8.0
1093451,2311691,8.0
1095490,2288708,8.0
1096960,2406619,8.0
1097510,388401,8.0
1100610,2214308,8.0
1104931,2537878,8.0
1107300,436461,8.0
1109290,316533,8.0
1113380,672664,8.0
1115050,2177258,8.0
1116241,476688,8.0
1118140,3262102,8.0
1118401,5000191,8.0
1118461,2575827,8.0
1121461,3011713,8.0
1125980,219684,8.0
1128941,2694951,8.0
1129990,312223,8.0
1131460,2548408,8.0
1132140,113462,8.0
1134671,450096,8.0
1135931,2205227,8.0
1137901,4421068,8.0
1138710,2192677,8.0
1139580,572338,8.0
1140201,614887,8.0
1140211,2234008,8.0
1141040,1799746,8.0
1144631,272375,8.0
1146140,3605146,8.0
1146281,556509,8.0
1146961,3723772,8.0
1147510,191793,8.0
1148181,311412,8.0
1149980,17686,8.0
1150001,1208914,8.0
1152440,1928144,8.0
1154321,2459218,8.0
1155670,178836,8.0
1155691,5135062,8.0
1155730,2220416,8.0
1155841,2575859,8.0
1155950,1796985,8.0
1156160,424233,8.0
1156470,3901693,8.0
1157141,1363237,8.0
1157810,215689,8.0
1158501,2463719,8.0
1159090,2243421,8.0
1159131,2591961,8.0
1159930,445334,8.0
1160161,689461,8.0
1160891,1306528,8.0
1162481,975284,8.0
1162851,2221524,8.0
1163201,2970109,8.0
1163691,220841,8.0
1163761,876143,8.0
1164140,312223,8.0
1164521,2287087,8.0
1167181,2236294,8.0
1168320,30117,8.0
1170300,2591631,8.0
1170410,2195097,8.0
1170750,1766131,8.0
1171040,1593466,8.0
1173301,2592020,8.0
1173360,327556,8.0
1174330,3758968,8.0
1178630,718924,8.0
1179251,2226617,8.0
1179571,1813651,8.0
1179601,3956962,8.0
1180470,2200455,8.0
1180530,8467358,8.0
1182391,2452376,8.0
1182601,625273,8.0
1183070,556903,8.0
1184411,3776947,8.0
1185510,2248720,8.0
1185671,2587281,8.0
1186400,2460379,8.0
1187571,4199350,8.0
1187620,6555745,8.0
1187630,2390855,8.0
1190440,29649,8.0
1190761,33981,8.0
1190890,5992732,8.0
1192120,2348137,8.0
1194920,748998,8.0
1195590,466560,8.0
1196551,2575859,8.0
1196710,625277,8.0
1196951,3713641,8.0
1198441,2574955,8.0
1200741,2575455,8.0
1201800,281659,8.0
1202631,387779,8.0
1207111,2209477,8.0
1207310,1957553,8.0
1209840,1730176,8.0
1210461,2149094,8.0
1212391,2335521,8.0
1213321,1785776,8.0
1213490,1759372,8.0
1214591,3912373,8.0
1214811,4210483,8.0
1215181,3796639,8.0
1216370,983043,8.0
1217090,1224463,8.0
1218610,5081857,8.0
1222301,1098150,8.0
1223530,2259490,8.0
1223981,473924,8.0
1225881,2608564,8.0
1227581,840500,8.0
1230391,2214305,8.0
1233631,235965,8.0
1235511,665181,8.0
1239211,1000901,8.0
1240041,1298393,8.0
1241760,4560877,8.0
1244101,2195786,8.0
1245721,4734631,8.0
1247220,327248,8.0
1248770,2461005,8.0
1250291,1960625,8.0
1251181,531276,8.0
1251800,3011713,8.0
1252051,2106821,8.0
1252360,2476128,8.0
1252671,543992,8.0
1252751,1947821,8.0
1254890,2295644,8.0
1257011,1138929,8.0
1260621,1251577,8.0
1261590,313514,8.0
1262381,506211,8.0
1263631,2577789,8.0
1264360,1296115,8.0
1264561,4618810,8.0
1264600,4300666,8.0
1265410,2531639,8.0
1265770,3109825,8.0
1268011,128769,8.0
1271450,891921,8.0
1273211,2595339,8.0
1273760,2146606,8.0
1274750,2527562,8.0
1274810,492070,8.0
1275850,2251423,8.0
1275871,198007,8.0
1276181,5273482,8.0
1276770,2101235,8.0
1280891,4096822,8.0
1283621,2351675,8.0
1285531,2260524,8.0
1288051,326664,8.0
1290401,221656,8.0
1291861,4292860,8.0
1292020,2980093,8.0
1292811,232739,8.0
1293251,484472,8.0
1294111,445922,8.0
1295941,2209477,8.0
1297850,215815,8.0
1299441,188566,8.0
1299500,102678,8.0
1299730,2425766,8.0
1300040,877888,8.0
1300051,1739614,8.0
1300360,1817498,8.0
1302971,854313,8.0
1303291,858245,8.0
1305741,1119822,8.0
1307320,6346183,8.0
1307891,312069,8.0
1309291,2571359,8.0
1309461,1454145,8.0
1309671,20,8.0
1309711,4210483,8.0
1310160,2251382,8.0
1310910,492609,8.0
1312831,971053,8.0
1313000,4419994,8.0
1313520,2534924,8.0
1314121,2057758,8.0
1315860,4032,8.0
1317021,2551767,8.0
1317200,448008,8.0
1317621,327451,8.0
1322540,1889060,8.0
1323321,18628,8.0
1325220,4712302,8.0
1325591,1808250,8.0
1325780,2856193,8.0
1326331,4583689,8.0
1330390,219553,8.0
1331120,625734,8.0
1331750,619398,8.0
1332500,2886694,8.0
1332771,219168,8.0
1333630,5061274,8.0
1336590,687266,8.0
1337641,1679042,8.0
1337990,3959158,8.0
1338141,885900,8.0
1339420,2133453,8.0
1341161,2444717,8.0
1343881,1214445,8.0
1344480,5014516,8.0
1347441,3756355,8.0
1347671,2327549,8.0
1348250,1035814,8.0
1348580,464417,8.0
1349220,6841975,8.0
1349531,6259327,8.0
1352990,5077927,8.0
1353860,3026,8.0
1358751,2369247,8.0
1360981,420807,8.0
1362241,498948,8.0
1362450,486698,8.0
1364071,3713917,8.0
1364570,1351759,8.0
1364741,2482461,8.0
1367271,186343,8.0
1367631,4197580,8.0
1369131,196603,8.0
1369150,986032,8.0
1369451,2236451,8.0
1369500,4421071,8.0
1371571,450195,8.0
1373260,2542794,8.0
1375761,2452390,8.0
1376501,5076685,8.0
1376970,1649658,8.0
1378351,2573241,8.0
1379311,1198693,8.0
1379331,681470,8.0
1379820,106874,8.0
1381710,2290118,8.0
1382350,2587700,8.0
1382470,508630,8.0
1382510,32520,8.0
1382630,4563736,8.0
1383090,433704,8.0
1383681,317,8.0
1385271,2936857,8.0
1385881,848253,8.0
1389220,264319,8.0
1390490,2404810,8.0
1390571,2236358,8.0
1390860,2437237,8.0
1392700,4801726,8.0
1392801,2351675,8.0
1394150,2309327,8.0
1394761,2546313,8.0
1394890,2104285,8.0
1395251,4255930,8.0
1396491,2334937,8.0
1398060,2311845,8.0
1398300,2214811,8.0
1400371,2364500,8.0
1401100,786350,8.0
1401121,145975,8.0
1401661,2157823,8.0
1401711,478660,8.0
1403360,2216349,8.0
1403880,1121649,8.0
1404231,2391259,8.0
1404340,454352,8.0
1404440,2467065,8.0
1405141,224489,8.0
1405220,2209477,8.0
1405421,4760008,8.0
1405431,2460999,8.0
1405610,476845,8.0
1405790,5123986,8.0
1407560,2186305,8.0
1409571,2371625,8.0
1409921,321157,8.0
1410061,2598546,8.0
1413000,380428,8.0
1413740,2303477,8.0
1414981,3954634,8.0
1415981,463181,8.0
1416990,4678459,8.0
1417211,2354461,8.0
1417341,2539322,8.0
1417360,2311921,8.0
1417651,309706,8.0
1417921,1016104,8.0
1418051,2433623,8.0
1418730,431507,8.0
1421051,1135392,8.0
1421340,2855884,8.0
1422000,3534874,8.0
1423311,2587281,8.0
1424420,2695924,8.0
1424641,2309527,8.0
1424670,1296115,8.0
1426600,299314,8.0
1427121,4301413,8.0
1429970,1285422,8.0
1430660,2261392,8.0
1431260,3790435,8.0
1431341,1609097,8.0
1431371,2388500,8.0
1432000,4183999,8.0
1433200,2213967,8.0
1433441,2543486,8.0
1433460,483655,8.0
1433790,1249436,8.0
1434091,3774040,8.0
1436830,2053462,8.0
1437721,317097,8.0
1437811,2540493,8.0
1437820,3061525,8.0
1437880,4637704,8.0
1439711,439932,8.0
1440250,1796985,8.0
1440310,3262102,8.0
1441160,1717037,8.0
1441230,2390160,8.0
1441661,696139,8.0
1441730,2604995,8.0
1443380,2551240,8.0
1445290,2092314,8.0
1446781,1362837,8.0
1447151,1318253,8.0
1448061,1296116,8.0
1448111,545762,8.0
1448391,1679042,8.0
1448400,3881791,8.0
1448410,2029701,8.0
1449110,3847987,8.0
1449130,1731131,8.0
1449261,2573197,8.0
1453551,1376069,8.0
1454440,1240867,8.0
1455220,4614520,8.0
1457031,931342,8.0
1457210,632089,8.0
1457671,2356546,8.0
1462020,2092282,8.0
1464240,840500,8.0
1464490,444586,8.0
1464711,286907,8.0
1466361,496089,8.0
1467300,2291653,8.0
1467360,166897,8.0
1468191,1360858,8.0
1468701,4580896,8.0
1468930,437626,8.0
1469540,503972,8.0
1470600,1332296,8.0
1470720,2333000,8.0
1470991,2466110,8.0
1471970,1918727,8.0
1471981,2368558,8.0
1472060,4273081,8.0
1472460,2145027,8.0
1474061,313148,8.0
1474801,1093633,8.0
1474981,2518267,8.0
1475901,2372666,8.0
1476930,454352,8.0
1477180,529,8.0
1477211,2231328,8.0
1479041,438402,8.0
1479251,100691,8.0
1479380,2249514,8.0
1480231,5264873,8.0
1482680,1079,8.0
1482690,36960,8.0
1484461,4664971,8.0
1484781,554183,8.0
1484841,2215245,8.0
1485391,305936,8.0
1486071,1382181,8.0
1488320,119518,8.0
1488600,2553404,8.0
1489361,3893602,8.0
1489670,6609733,8.0
1489861,1360858,8.0
1489981,971769,8.0
1490940,33078,8.0
1491431,235066,8.0
1491711,632207,8.0
1492231,2180196,8.0
1492650,428685,8.0
1493080,1169490,8.0
1493190,5233591,8.0
1493771,2324419,8.0
1494260,482423,8.0
1494950,2368666,8.0
1495350,2274542,8.0
1495721,2579670,8.0
1496471,2372666,8.0
1496881,554261,8.0
1497101,248926,8.0
1497630,2299015,8.0
1497671,2878405,8.0
1498010,431508,8.0
1498091,2357393,8.0
1499391,397752,8.0
1500380,25357,8.0
1500581,2219783,8.0
1501960,573120,8.0
1503951,822326,8.0
1505120,5267215,8.0
1505980,2438727,8.0
1506831,251144,8.0
1507420,811226,8.0
1507520,2290898,8.0
1507720,2429844,8.0
1507721,2897932,8.0
1507741,2548176,8.0
1508830,1345195,8.0
1509240,2524799,8.0
1509741,4310110,8.0
1513781,4563736,8.0
1515090,1035814,8.0
1515541,2291664,8.0
1515630,519201,8.0
1515711,853529,8.0
1517321,2285402,8.0
1517420,504193,8.0
1517681,1118435,8.0
1518311,460986,8.0
1519820,2878915,8.0
1520570,2524593,8.0
1520791,2462632,8.0
1521081,4783177,8.0
1521251,2470824,8.0
1522420,1814735,8.0
1525411,1802662,8.0
1527060,4421068,8.0
1527730,4851751,8.0
1528030,3465547,8.0
1530070,8369,8.0
1531440,1930121,8.0
1533610,5012920,8.0
1535390,2349719,8.0
1536321,4096096,8.0
1536520,2537878,8.0
1537471,2370751,8.0
1538311,316274,8.0
1538650,3917047,8.0
1539150,2254913,8.0
1539881,2225251,8.0
1540201,451874,8.0
1541801,455217,8.0
1542771,4771741,8.0
1543281,2576915,8.0
1548481,1208914,8.0
1549340,4393012,8.0
1550591,1354963,8.0
1552271,2333366,8.0
1553480,4629616,8.0
1554990,30117,8.0
1557120,2524799,8.0
1557921,1804972,8.0
1560980,2311691,8.0
1563050,1796985,8.0
1563751,660725,8.0
1563931,2595425,8.0
1564120,2649388,8.0
1564181,2353024,8.0
1566240,389215,8.0
1566550,443466,8.0
1567150,2229477,8.0
1568240,4575052,8.0
1571630,4298218,8.0
1572411,486700,8.0
1584951,1957882,8.0
1587291,2359505,8.0
1588500,308364,8.0
1588890,2375018,8.0
1589550,445922,8.0
1594840,2365720,8.0
1594941,4173142,8.0
1595450,1726761,8.0
1595790,2854876,8.0
1595990,170727,8.0
1596501,443493,8.0
1596710,822326,8.0
1598070,4421068,8.0
1598890,2102504,8.0
1600751,6892,8.0
1601470,661824,8.0
1601810,318745,8.0
1602451,1918727,8.0
1604570,541088,8.0
1604710,3116707,8.0
1605811,2610042,8.0
1605910,2926774,8.0
1607631,521290,8.0
1608721,1097751,8.0
1610351,4812754,8.0
1610701,6053000,8.0
1612551,692537,8.0
1613280,2146606,8.0
1614061,431628,8.0
1619631,887229,8.0
1619800,2424257,8.0
1620260,557670,8.0
1620801,2189592,8.0
1622980,3419017,8.0
1623800,2587281,8.0
1623830,2288570,8.0
1625550,1122175,8.0
1625810,4943719,8.0
1625900,2215214,8.0
1626450,28302,8.0
1630370,4005907,8.0
1630920,215689,8.0
1632391,3307186,8.0
1632980,3959167,8.0
1633870,4411279,8.0
1633891,1382207,8.0
1635270,2453142,8.0
1637121,1083882,8.0
1637480,3956962,8.0
1637661,2199464,8.0
1638111,617505,8.0
1638360,3706999,8.0
1639100,2666484,8.0
1639691,2730494,8.0
1640210,2599190,8.0
1640501,2537878,8.0
1642210,668088,8.0
1643330,2575023,8.0
1643890,168799,8.0
1645400,16205,8.0
1646200,558522,8.0
1648770,4393285,8.0
1651460,1229470,8.0
1651810,473707,8.0
1652441,2317643,8.0
1653110,2548806,8.0
1658041,410990,8.0
1663530,478706,8.0
1666840,2603872,8.0
1666921,842833,8.0
1668090,2289515,8.0
1668121,891910,8.0
1668440,2470824,8.0
1669720,4676179,8.0
1671030,1947821,8.0
1671091,387779,8.0
1671280,982766,8.0
1672401,8467358,8.0
1672711,4137295,8.0
1672721,462830,8.0
1676060,4177156,8.0
1676301,24722,8.0
1677560,303969,8.0
1679250,4370617,8.0
1679311,2366597,8.0
1679760,4606522,8.0
1679811,104220,8.0
1680741,2599190,8.0
1681540,2599840,8.0
1682320,468389,8.0
1683161,3778957,8.0
1683331,2381753,8.0
1683601,2207401,8.0
1683901,531784,8.0
1683980,478202,8.0
1685081,238458,8.0
1685460,30117,8.0
1688860,1306020,8.0
1691231,2407015,8.0
1692390,492982,8.0
1692400,5321542,8.0
1694281,476483,8.0
1695150,660725,8.0
1696470,2141951,8.0
1697150,2062582,8.0
1697421,2477640,8.0
1699991,251193,8.0
1700130,4632535,8.0
1702230,4819381,8.0
1702260,2592379,8.0
1702730,619503,8.0
1703280,2297476,8.0
1703590,4621582,8.0
1704110,4421068,8.0
1704291,1035814,8.0
1704610,4673368,8.0
1705741,1285658,8.0
1708930,480807,8.0
1709670,463181,8.0
1711960,463181,8.0
1712810,566074,8.0
1714200,5052328,8.0
1720721,4127047,8.0
1724731,554261,8.0
1727871,3720946,8.0
1728351,2186189,8.0
1729081,4583518,8.0
1729311,2550423,8.0
1730220,2459173,8.0
1730730,2371625,8.0
1731890,572338,8.0
1733851,2530551,8.0
1735911,5061001,8.0
1737920,436798,8.0
1738921,100089,8.0
1739161,4173142,8.0
1739701,2406341,8.0
1740860,437626,8.0
1742070,4268824,8.0
1742101,3113920,8.0
1742301,852019,8.0
1742610,4391701,8.0
1743980,1316976,8.0
1744270,460770,8.0
1744680,2371625,8.0
1745061,6104125,8.0
1745691,3955375,8.0
1764401,715,8.0
1766010,2430664,8.0
1766441,1764306,8.0
1773021,2079249,8.0
1773630,2604418,8.0
1775240,522421,8.0
1780840,2538391,8.0
1781760,119467,8.0
1783220,4697119,8.0
1785281,3219967,8.0
1786240,4300480,8.0
1787310,2454799,8.0
1787851,3264577,8.0
1788031,2939986,8.0
1790071,2078097,8.0
1794801,2608413,8.0
1799501,5146501,8.0
1800680,3876811,8.0
1803311,3534874,8.0
1807100,3269230,8.0
1807541,443298,8.0
1808291,10890,8.0
1808750,1905091,8.0
1809041,1779866,8.0
1813590,722880,8.0
1813990,538999,8.0
1822541,2993401,8.0
1828061,2217721,8.0
1828381,2062812,8.0
1831800,2146186,8.0
1832740,2436166,8.0
1832800,2424823,8.0
1832881,2388495,8.0
1833511,5043550,8.0
1833561,459327,8.0
1833950,4634107,8.0
1834820,2212806,8.0
1834950,2878855,8.0
1835040,2577789,8.0
1835081,4300462,8.0
1835280,2855431,8.0
1835500,2808394,8.0
1836360,2146186,8.0
1837101,1918727,8.0
1837370,5108425,8.0
1837871,2170994,8.0
1839580,1892427,8.0
1839640,3469789,8.0
1840301,3113920,8.0
1840661,4902,8.0
1841631,428685,8.0
1842161,540323,8.0
1842261,2242013,8.0
1842701,822326,8.0
1844140,971769,8.0
1844550,2055085,8.0
1844981,440003,8.0
1845130,190723,8.0
2297510,5685325,8.0
2297670,313569,8.0
2312641,562913,8.0
2316121,2277143,8.0
2316560,2259490,8.0
2319700,1281171,8.0
2321951,2356900,8.0
2323781,188566,8.0
2329461,822326,8.0
2331600,1732057,8.0
2342490,984430,8.0
2344781,3767812,8.0
2344981,4257349,8.0
2351301,2449000,8.0
2353921,8336450,8.0
2354790,4640554,8.0
2358260,1794170,8.0
2359080,4802188,8.0
2361710,2573241,8.0
2363550,2238862,8.0
2367140,4686937,8.0
2367290,5454583,8.0
2369101,4191457,8.0
2373091,2145440,8.0
2377721,2429933,8.0
2381160,1281273,8.0
2384781,190497,8.0
2385901,102657,8.0
2389981,2607560,8.0
2395180,4558900,8.0
2396120,2244797,8.0
2396981,549865,8.0
2401601,223969,8.0
2402000,2599190,8.0
2403241,3770299,8.0
2407900,3837547,8.0
2410610,445171,8.0
2412711,709925,8.0
2423930,253884,8.0
2429331,2339675,8.0
2430830,434711,8.0
2434491,2550124,8.0
2441870,10480,8.0
2443970,4025416,8.0
2444810,1785306,8.0
2449291,1931718,8.0
2453980,15426,8.0
2457480,4829983,8.0
2458231,2588406,8.0
2462170,2300795,8.0
2467790,5841793,8.0
2468960,2563979,8.0
2471630,5223811,8.0
2475591,2897803,8.0
2480520,2989900,8.0
2487621,4370920,8.0
2494870,215689,8.0
2506331,716862,8.0
2507521,2165412,8.0
2510851,4851130,8.0
2510891,2374653,8.0
2511360,1377706,8.0
2515891,2614362,8.0
2515990,2016030,8.0
2520320,100416,8.0
2523450,4558900,8.0
2524790,247954,8.0
2531971,2241332,8.0
2538780,4673368,8.0
2541290,2759493,8.0
2544510,3458797,8.0
2547981,2521532,8.0
2549151,4421068,8.0
2550671,186343,8.0
2551380,4383058,8.0
2563381,2145341,8.0
2564160,2452390,8.0
2565181,4283155,8.0
2567091,438876,8.0
2569491,1202451,8.0
2570321,4399399,8.0
2574130,2248280,8.0
2575901,873122,8.0
2579460,541289,8.0
2584661,320609,8.0
2584960,2542169,8.0
2586671,2572468,8.0
2591021,5428,8.0
2595031,2341532,8.0
2595980,5032867,8.0
2599570,2993401,8.0
2600451,535707,8.0
2600511,2186305,8.0
2601571,4119634,8.0
2601810,2229477,8.0
2604521,4044049,8.0
2604561,3762160,8.0
2604840,744620,8.0
2606090,140,8.0
2606281,2443673,8.0
2614430,4393492,8.0
2615591,4886755,8.0
2619701,19286,8.0
2621730,2062812,8.0
2623380,461591,8.0
2624271,314889,8.0
2625031,2524340,8.0
2626851,2186305,8.0
2627411,2574481,8.0
2629600,2209477,8.0
2630250,2601102,8.0
2633071,31722,8.0
2635140,2525992,8.0
2638440,2591539,8.0
2642530,2601614,8.0
2644040,2361922,8.0
2646251,2351675,8.0
2648940,1826135,8.0
2652260,2286863,8.0
2653311,4380253,8.0
2658181,1680892,8.0
2668291,1117445,8.0
2668341,536695,8.0
2669460,387779,8.0
2673700,2195039,8.0
2674310,166554,8.0
2675741,2287767,8.0
2677230,617505,8.0
2678960,438835,8.0
2680601,2993452,8.0
2681021,2476631,8.0
2681120,494233,8.0
2684751,1256088,8.0
2690160,4127287,8.0
2690220,1377726,8.0
2690391,2204362,8.0
2691220,1747983,8.0
2692230,24638,8.0
2694141,652226,8.0
2697681,118811,8.0
2697950,2540482,8.0
2714980,1670299,8.0
2789110,1751998,8.0
2793641,464939,8.0
2795161,4368337,8.0
2811810,2473078,8.0
2834851,1720918,8.0
2838640,2912107,8.0
2842290,2537878,8.0
2843490,2372196,8.0
2847501,1751449,8.0
2847821,3068173,8.0
2851711,2369247,8.0
2855940,4400638,8.0
2856921,1486410,8.0
2857910,442320,8.0
2858141,554183,8.0
2858581,440702,8.0
2860560,2592594,8.0
2862051,449072,8.0
2863631,2523793,8.0
2865491,173943,8.0
2870001,221096,8.0
2874981,6294862,8.0
2876021,2042862,8.0
2877191,2550124,8.0
2879401,1298393,8.0
2880350,3708715,8.0
2885230,3759658,8.0
2885370,2427627,8.0
2886341,588599,8.0
2886600,303969,8.0
2886861,2485599,8.0
2886920,317337,8.0
2887400,140792,8.0
2888221,2195789,8.0
2889260,5022865,8.0
2889711,5075125,8.0
2891660,98184,8.0
2892070,870679,8.0
2894640,760478,8.0
2895381,2249460,8.0
2896020,632196,8.0
2896880,3083248,8.0
2898031,2323741,8.0
2898051,5220724,8.0
2898350,5165926,8.0
2898741,717567,8.0
2902031,1753284,8.0
2902341,32118,8.0
2911881,7804328,8.0
2912011,1462299,8.0
2916770,477223,8.0
2920220,4018390,8.0
2920980,1305985,8.0
2928050,1292132,8.0
2929340,2347597,8.0
2932540,1814735,8.0
2934380,7804328,8.0
2934861,2200379,8.0
2937461,114997,8.0
2937651,125503,8.0
2942531,1295449,8.0
2943480,4771996,8.0
2946350,120035,8.0
2960980,1609097,8.0
2970390,519170,8.0
2970521,2324419,8.0
2972471,1885338,8.0
2978360,196603,8.0
2979761,1766548,8.0
2983020,2537878,8.0
2984801,1469624,8.0
2987551,686465,8.0
2992161,1377726,8.0
2998500,1977083,8.0
2998771,546793,8.0
2999960,466560,8.0
3002350,1322761,8.0
3004381,316274,8.0
3005761,986361,8.0
3007260,5428,8.0
3007710,3419017,8.0
3009511,4308124,8.0
3009560,4697119,8.0
3012961,3792088,8.0
3013001,3229138,8.0
3020290,2713522,8.0
3030851,1681174,8.0
3039770,4552675,8.0
3040371,2713522,8.0
3040470,477223,8.0
3050831,2142446,8.0
3054960,2713522,8.0
3056611,3992401,8.0
3056640,1952676,8.0
3056671,2428706,8.0
3059290,4902,8.0
3062221,2448386,8.0
3065120,420807,8.0
3066130,15088,8.0
3068801,399003,8.0
3069060,2349042,8.0
3069070,4611985,8.0
3071380,2449615,8.0
3072950,485757,8.0
3073921,2197478,8.0
3074761,4044034,8.0
3079010,4562749,8.0
3080131,528,8.0
3084300,200121,8.0
3087570,3989002,8.0
3088130,281792,8.0
3088850,2465183,8.0
3089611,1960625,8.0
3094251,317,8.0
3097081,117529,8.0
3102090,2483034,8.0
3102581,2599190,8.0
3105531,2891776,8.0
3106311,6155170,8.0
3106721,1808250,8.0
3106771,5121154,8.0
3107130,4539343,8.0
3107191,1346268,8.0
3108051,488913,8.0
3108360,3156268,8.0
3109541,2159539,8.0
3109641,2215257,8.0
3110281,2456216,8.0
3112481,2601867,8.0
3114761,223088,8.0
3115880,553720,8.0
3117380,2454485,8.0
3120681,2693031,8.0
3120931,1298384,8.0
3122121,3843706,8.0
3123121,2855341,8.0
3124160,319070,8.0
3125790,2287669,8.0
3126381,399718,8.0
3127870,2054930,8.0
3129491,4596430,8.0
3130351,1462299,8.0
3133360,4782202,8.0
3133391,5135188,8.0
3134291,2351675,8.0
3134540,4195246,8.0
3136640,2286847,8.0
3136710,2102504,8.0
3136930,1799788,8.0
3141020,2523793,8.0
3142450,4021843,8.0
3143540,2573197,8.0
3144260,4400638,8.0
3147540,128769,8.0
3150610,452832,8.0
3151090,3736399,8.0
3151860,2378721,8.0
3152820,2893579,8.0
3154960,716862,8.0
3161031,25296,8.0
3166190,3733756,8.0
3167081,361725,8.0
3168920,173212,8.0
3170211,2168146,8.0
3175530,5168293,8.0
3175571,1350395,8.0
3175590,4811746,8.0
3176121,1336574,8.0
3176440,2287749,8.0
3178171,2854555,8.0
3180100,485757,8.0
3180111,166211,8.0
3180500,1910003,8.0
3180740,3004900,8.0
3181140,4682398,8.0
3183381,987736,8.0
3187131,4611985,8.0
3187900,2525028,8.0
3187971,1680892,8.0
3193391,2474870,8.0
3193751,4300483,8.0
3194111,685915,8.0
3194741,3184168,8.0
3195511,1319281,8.0
3196210,3308938,8.0
3200451,2592020,8.0
3200491,2390160,8.0
3201751,8369,8.0
3201830,305091,8.0
3202070,3714493,8.0
3202141,2339679,8.0
3302401,2292918,8.0
3303550,131985,8.0
3305791,1593456,8.0
3307180,1239169,8.0
3315490,2295424,8.0
3317131,2918173,8.0
3321391,700514,8.0
3324010,2145220,8.0
3329881,3903655,8.0
3330490,1446974,8.0
3339631,23204,8.0
3347371,1113599,8.0
3360301,2254200,8.0
3360331,4421068,8.0
3361771,385786,8.0
3363661,1228057,8.0
3368881,3758968,8.0
3374041,3769642,8.0
3374761,458895,8.0
3380500,2443673,8.0
3382231,4421068,8.0
3382411,104148,8.0
3384010,2454485,8.0
3388381,1379194,8.0
3389641,2609202,8.0
3394201,2591988,8.0
3408820,4638511,8.0
3419380,1852256,8.0
3421561,2141974,8.0
3422620,1227979,8.0
3423121,305876,8.0
3425281,5094865,8.0
3440851,2390160,8.0
3443980,2226662,8.0
3450910,3989056,8.0
3454441,1096031,8.0
3458350,452668,8.0
3460951,5056381,8.0
3472930,2350989,8.0
3474271,2548806,8.0
3503800,2473996,8.0
3507820,272375,8.0
3508750,2854876,8.0
3509101,2347552,8.0
3509191,308038,8.0
3514531,2912968,8.0
3518650,840112,8.0
3527350,255922,8.0
3528481,18628,8.0
3529810,5077927,8.0
3540370,166031,8.0
3540460,1876718,8.0
3555241,4107142,8.0
3560581,3852310,8.0
3562450,1370381,8.0
3568450,2587700,8.0
3570991,4784812,8.0
3571381,4421068,8.0
3571441,4576630,8.0
3571870,680470,8.0
3577540,448765,8.0
3581920,2334514,8.0
3582961,321323,8.0
3583561,4407451,8.0
3590641,215689,8.0
3601231,270680,8.0
3607411,325507,8.0
3615370,1230448,8.0
3616300,2350673,8.0
3618121,3156262,8.0
3634300,532060,8.0
3635401,2444108,8.0
3636640,998313,8.0
3640591,4398304,8.0
3642760,1121649,8.0
3644830,180632,8.0
3646711,1802692,8.0
3650971,2273687,8.0
3660130,531550,8.0
3660160,505886,8.0
3661201,212216,8.0
3666310,24722,8.0
3672490,2808394,8.0
3676060,2477602,8.0
3677500,488913,8.0
3677851,1609097,8.0
3677860,4640554,8.0
3678850,4197451,8.0
3682591,2291653,8.0
3682900,316274,8.0
3699481,1050740,8.0
3702211,2575023,8.0
3704311,584,8.0
3704491,2240792,8.0
3710791,1960625,8.0
3729001,4369537,8.0
3745471,2236323,8.0
3753571,126927,8.0
3757831,1902534,8.0
3761881,3465649,8.0
3764461,433856,8.0
3766540,2357136,8.0
3771571,4169962,8.0
3772261,3061525,8.0
3773071,431152,8.0
3784681,2578149,8.0
3787261,3872134,8.0
3789271,2051720,8.0
3794401,5041,8.0
3796321,2053444,8.0
3800350,305413,8.0
3803971,554261,8.0
3806041,1549182,8.0
3812911,4908796,8.0
3816721,459282,8.0
3819751,2354756,8.0
3825751,5020540,8.0
3825811,2683142,8.0
3833041,477537,8.0
3833191,550580,8.0
3834760,5143300,8.0
3838891,1796985,8.0
3839701,4560514,8.0
3842350,2236358,8.0
3842590,2348471,8.0
3843271,1100906,8.0
3846790,1856383,8.0
3847120,2358,8.0
3847921,2429152,8.0
3848881,459282,8.0
3849220,446229,8.0
3850411,2539202,8.0
3852280,462365,8.0
3855481,443649,8.0
3858091,2601614,8.0
3858190,2589482,8.0
3862111,168914,8.0
3866131,475407,8.0
3869050,2209477,8.0
3871861,3756355,8.0
3875881,563127,8.0
3878470,4768465,8.0
3879061,451748,8.0
3880300,458214,8.0
3880630,199268,8.0
3883780,86,8.0
3883930,449274,8.0
3884911,400387,8.0
3886780,2254567,8.0
3891481,2371215,8.0
3893251,1609097,8.0
3898711,2284142,8.0
3900661,2599190,8.0
3902680,2407015,8.0
3907441,463181,8.0
3911290,2474458,8.0
3912061,3693250,8.0
3915451,410990,8.0
3919510,2477640,8.0
3920170,1834888,8.0
3920311,2694951,8.0
3922141,3116707,8.0
3922270,420807,8.0
3927331,850609,8.0
3934270,1653700,8.0
3936241,2088040,8.0
3940390,2101235,8.0
3942100,2871811,8.0
3943480,308364,8.0
3944350,296492,8.0
3955471,233184,8.0
3962890,507057,8.0
3983350,459282,8.0
3984490,12430,8.0
3987910,99345,8.0
3991510,2454485,8.0
3996820,2614362,8.0
4000480,465007,8.0
4006501,4435171,8.0
4012831,1947821,8.0
4013341,320664,8.0
4014661,2334769,8.0
4024150,460012,8.0
4035181,6078246,8.0
4050091,1941429,8.0
4050691,2301028,8.0
4055560,1130783,8.0
4056700,432773,8.0
4078030,2599190,8.0
4078381,1928144,8.0
4084780,556903,8.0
4105051,454134,8.0
4115101,218833,8.0
4127050,536900,8.0
4140601,2473276,8.0
4140871,103821,8.0
4141480,320664,8.0
4142281,470346,8.0
4161121,450195,8.0
4162051,4393630,8.0
4163611,2854876,8.0
4166071,4320190,8.0
4209511,2759493,8.0
4215130,4421068,8.0
4216051,2450736,8.0
4219570,3307186,8.0
4221481,2485114,8.0
4229380,4629616,8.0
4233691,4018180,8.0
4236970,962437,8.0
4245430,2573193,8.0
4246810,2259919,8.0
4253380,253112,8.0
4254211,2309718,8.0
4268191,2563979,8.0
4268551,2573241,8.0
4268770,4149298,8.0
4271761,1510600,8.0
4278331,165448,8.0
4278391,447400,8.0
4280311,709360,8.0
4284241,2470824,8.0
4288090,2298263,8.0
4289221,212216,8.0
4292731,2368368,8.0
4299910,2817520,8.0
4301551,3248611,8.0
4310971,2312916,8.0
4323001,486630,8.0
4325041,2295755,8.0
4334830,1836702,8.0
4336951,2295424,8.0
4339750,2064647,8.0
4355401,4782199,8.0
4360141,2575351,8.0
4362070,2193128,8.0
4370401,434096,8.0
4372681,25357,8.0
4376950,854210,8.0
4383640,3075385,8.0
4385551,1902448,8.0
4391131,4908796,8.0
4392121,1796985,8.0
4393621,310397,8.0
4399300,2541759,8.0
4403230,2537131,8.0
4413610,24722,8.0
4414831,2539268,8.0
4424200,470603,8.0
4427920,3160129,8.0
4437091,3989056,8.0
4438300,4399000,8.0
4441291,2550430,8.0
4444120,419262,8.0
4454581,2368325,8.0
4463281,3113920,8.0
4465660,254727,8.0
4466491,131005,8.0
4467691,1968254,8.0
4468210,454358,8.0
4474021,1319281,8.0
4484281,692435,8.0
4487371,1035814,8.0
4496551,870594,8.0
4499701,4421068,8.0
4499740,2427627,8.0
4523140,1293198,8.0
4526860,247330,8.0
4528621,4019920,8.0
4537801,443298,8.0
4543810,2308812,8.0
4554961,3994384,8.0
4556641,324999,8.0
4570021,2375878,8.0
4571680,6034,8.0
4594990,2466103,8.0
4600180,2737394,8.0
4600420,2436166,8.0
4600660,2989726,8.0
4601761,1716312,8.0
4606720,215689,8.0
4611910,465150,8.0
4615510,2318816,8.0
4624381,1831338,8.0
4628590,2379664,8.0
4629031,446010,8.0
4641700,867246,8.0
4643521,2460999,8.0
4648000,2360253,8.0
4648120,525259,8.0
4648630,2131332,8.0
4649500,2108430,8.0
4650070,531902,8.0
4650841,2570731,8.0
4652140,1325450,8.0
4657531,480575,8.0
4658110,2930500,8.0
4663990,1727705,8.0
4665430,1332924,8.0
4671061,4235479,8.0
4671571,5143300,8.0
4674700,32181,8.0
4676080,2370485,8.0
4678450,3912373,8.0
4678780,3270286,8.0
4679530,2499205,8.0
4679731,4748464,8.0
4680391,224489,8.0
4681900,2883868,8.0
4681981,2854876,8.0
4682071,2430403,8.0
4682440,4813621,8.0
4683370,2607217,8.0
4686440,2470824,8.0
4687060,1093636,8.0
4687210,4421068,8.0
4688020,1354670,8.0
4689280,2485076,8.0
4690171,2233630,8.0
4690330,1968152,8.0
4691650,4338379,8.0
4693501,4798333,8.0
4694800,2145197,8.0
4694941,2580021,8.0
4695001,2599139,8.0
4696090,1819862,8.0
4696891,4807633,8.0
4698151,1101948,8.0
4698691,212216,8.0
4699390,2808394,8.0
4699960,78643,8.0
4700050,8369,8.0
4703110,4268824,8.0
4703131,722880,8.0
4703170,399718,8.0
4704391,574430,8.0
4708210,2274734,8.0
4713070,1829987,8.0
4718521,3174526,8.0
4719331,1366582,8.0
4721401,2209477,8.0
4725961,2759493,8.0
4730461,1334597,8.0
4731061,313514,8.0
4731550,2573241,8.0
4731670,1082400,8.0
4732540,249020,8.0
4732921,4611985,8.0
4734691,464534,8.0
4739281,2580687,8.0
4741561,2534942,8.0
4741960,2576730,8.0
4742851,1761924,8.0
4743691,2469397,8.0
4744471,186343,8.0
4749160,1105056,8.0
4749580,1088585,8.0
4750660,562513,8.0
4751191,31099,8.0
4753930,867177,8.0
4755970,2602071,8.0
4757551,443466,8.0
4762690,536767,8.0
4764901,317849,8.0
4767091,4535863,8.0
4767781,1345763,8.0
4771381,389215,8.0
4786231,2473276,8.0
4788031,2596999,8.0
4803541,2216349,8.0
4807021,2494167,8.0
4807060,2129220,8.0
4811830,1897536,8.0
4814521,2607835,8.0
4820020,126927,8.0
4821211,496089,8.0
4825291,2534924,8.0
4827451,96964,8.0
4829590,1856383,8.0
4830661,78637,8.0
4832551,2905483,8.0
4841491,2286863,8.0
4844911,3110287,8.0
4850920,2854909,8.0
4851481,211163,8.0
4855051,10480,8.0
4856011,963118,8.0
4857040,4631788,8.0
4862041,912823,8.0
4864270,3839527,8.0
4864900,2341451,8.0
4865221,1820546,8.0
4877980,2527069,8.0
4887091,443473,8.0
4900150,351403,8.0
4900561,4147033,8.0
4903531,459282,8.0
4906111,2107,8.0
4912771,607103,8.0
4912780,305091,8.0
4913221,2281291,8.0
4913881,2467103,8.0
4924300,315793,8.0
4927321,218833,8.0
4927801,5194960,8.0
4928461,2580687,8.0
4930390,5198926,8.0
4931401,716134,8.0
4933261,2287671,8.0
4939030,166554,8.0
4948480,2605895,8.0
4954711,2576226,8.0
4955911,2905483,8.0
4959661,6841975,8.0
4963510,2180196,8.0
4967080,2177258,8.0
4970800,4874203,8.0
4973020,2195786,8.0
4974970,3913879,8.0
4977691,2896486,8.0
4981021,2259945,8.0
4981321,1101948,8.0
4986211,2587259,8.0
4991590,2186305,8.0
4993750,3730834,8.0
4995370,2259510,8.0
4995931,308810,8.0
4998811,2101235,8.0
5011291,7739588,8.0
5014060,211217,8.0
5022121,113710,8.0
5022910,2472795,8.0
5028550,691258,8.0
5030191,722880,8.0
5036530,843803,8.0
5037001,1330247,8.0
5038921,317968,8.0
5040391,2445599,8.0
5042080,2897803,8.0
5042491,681803,8.0
5045080,2129220,8.0
5045251,5679028,8.0
5048761,2603306,8.0
5054410,854210,8.0
5058181,2603531,8.0
5060731,463181,8.0
5073751,3610228,8.0
5076391,2286863,8.0
5086690,2349719,8.0
5097310,4783621,8.0
5098090,2450614,8.0
5102770,2754294,8.0
5107651,2273687,8.0
5107780,1796985,8.0
5111740,2588406,8.0
5113261,2930800,8.0
5113801,520845,8.0
5121520,1990404,8.0
5123071,103890,8.0
5123110,2433873,8.0
5127031,4296253,8.0
5128060,2203815,8.0
5128630,1757592,8.0
5134570,554183,8.0
5138101,4018390,8.0
5138401,2019613,8.0
5146870,1073705,8.0
5153671,541307,8.0
5155060,1796985,8.0
5159860,2477554,8.0
5160541,454358,8.0
5170471,1773733,8.0
5174431,4778437,8.0
5175100,2344254,8.0
5177371,1796985,8.0
5181271,8369,8.0
5184070,3442753,8.0
5184580,2759493,8.0
5186281,4183798,8.0
5196790,2454970,8.0
5199220,2770245,8.0
5209240,458860,8.0
5213710,2530462,8.0
5216050,4183798,8.0
5216110,4183798,8.0
5216170,4183798,8.0
5218531,621624,8.0
5219611,4183798,8.0
5219620,4183798,8.0
5222350,3113920,8.0
5225401,3156229,8.0
5238070,206553,8.0
5239690,2389784,8.0
5239750,531001,8.0
5242030,308362,8.0
5249170,2371625,8.0
5251261,312875,8.0
5252791,474003,8.0
5254690,4127287,8.0
5255641,460127,8.0
5268901,1215868,8.0
5277361,5000536,8.0
5280340,2438333,8.0
5282440,1593477,8.0
5296450,446229,8.0
5305690,1753316,8.0
5306350,2409026,8.0
5310751,218833,8.0
5311180,2466103,8.0
5314900,3442984,8.0
5320930,485732,8.0
5330830,3795157,8.0
5331181,2883667,8.0
5331301,2193265,8.0
5335171,2537999,8.0
5336080,5144344,8.0
5348020,449274,8.0
5349850,2580688,8.0
5356921,4421068,8.0
5360251,2312916,8.0
5363491,439491,8.0
5368831,625734,8.0
5370310,2985898,8.0
5371171,1122607,8.0
5372080,173309,8.0
5372320,3739819,8.0
5373781,4575061,8.0
5386981,2450614,8.0
5393431,2588712,8.0
5393830,2307589,8.0
5396581,2575023,8.0
5397760,321150,8.0
5404870,2830777,8.0
5405620,305091,8.0
5406490,5093221,8.0
5414530,1379172,8.0
5422831,6094612,8.0
5429080,995330,8.0
5440621,2601614,8.0
5440891,4834366,8.0
5442040,3036901,8.0
5442871,326893,8.0
5443831,2298584,8.0
5448541,3419002,8.0
5453050,181149,8.0
5453401,1201840,8.0
5456560,4204885,8.0
5458231,2301068,8.0
5459350,2469397,8.0
5460211,2939866,8.0
5460610,628495,8.0
5461741,2381753,8.0
5463310,2550430,8.0
5464870,4421068,8.0
5473591,6034,8.0
5473681,2246213,8.0
5474191,1380964,8.0
5474311,2338203,8.0
5480611,4705573,8.0
5482000,105269,8.0
5489131,2301594,8.0
5491921,3910687,8.0
5492791,11936,8.0
5497810,453395,8.0
5507371,2478432,8.0
5508211,2321956,8.0
5508901,1020453,8.0
5512261,2285231,8.0
5515060,496905,8.0
5520280,307422,8.0
5520820,3782353,8.0
5522080,5075125,8.0
5522461,4249822,8.0
5527021,1462299,8.0
5529511,2187406,8.0
5531611,4175653,8.0
5533570,2165949,8.0
5536591,2250220,8.0
5538841,2855431,8.0
5546530,4282375,8.0
5553031,1367817,8.0
5560810,850815,8.0
5561320,2855920,8.0
5563930,446229,8.0
5564161,3075385,8.0
5564671,2292891,8.0
5566000,1895551,8.0
5568361,2759493,8.0
5575060,2989726,8.0
5578741,1231287,8.0
5580151,2127917,8.0
5583121,2295424,8.0
5583181,2101235,8.0
5587660,4760008,8.0
5588191,458860,8.0
5590291,998089,8.0
5594200,15148,8.0
5594650,3113920,8.0
5594860,100178,8.0
5595460,2142446,8.0
5598511,1380964,8.0
5599570,4370989,8.0
5603050,491017,8.0
5609221,2854876,8.0
5609881,2494167,8.0
5616100,4735141,8.0
5616181,2332590,8.0
5620180,2391259,8.0
5628160,3959167,8.0
5630500,1796985,8.0
5632561,3959155,8.0
5639320,3853426,8.0
5646511,6073047,8.0
5647540,36960,8.0
5647951,1360858,8.0
5652481,254094,8.0
5661250,1609097,8.0
5661880,5256244,8.0
5675251,2241334,8.0
5675701,7804328,8.0
5689120,2215170,8.0
5699230,4627999,8.0
6459040,443150,8.0
10335850,2435229,8.0
10987250,1753284,8.0
